split,original_image_path,top_view_path,image_name,true_count,used_fallback,top_view_quality,top_view_reliable,quality_reason
train,/home/fsilva/Desktop/MIA/1ano/2sem/VC/project_part2/task3/yolo_data/train/images/101_png.rf.ae5f060fc5ed9e0adfaf2ffa7d786c67.jpg,/home/fsilva/Desktop/MIA/1ano/2sem/VC/project_part2/task3/topview_data/train/images/101_png.rf.ae5f060fc5ed9e0adfaf2ffa7d786c67.jpg,101_png.rf.ae5f060fc5ed9e0adfaf2ffa7d786c67.jpg,13,False,0.9476175999410681,True,ok
train,/home/fsilva/Desktop/MIA/1ano/2sem/VC/project_part2/task3/yolo_data/train/images/102_png.rf.e106f609270b206b301a09b5c5473e95.jpg,/home/fsilva/Desktop/MIA/1ano/2sem/VC/project_part2/task3/topview_data/train/images/102_png.rf.e106f609270b206b301a09b5c5473e95.jpg,102_png.rf.e106f609270b206b301a09b5c5473e95.jpg,10,False,0.9473506332602937,True,ok
train,/home/fsilva/Desktop/MIA/1ano/2sem/VC/project_part2/task3/yolo_data/train/images/103_png.rf.8837c4ba6e91c59a634fc8cd30cd204b.jpg,/home/fsilva/Desktop/MIA/1ano/2sem/VC/project_part2/task3/topview_data/train/images/103_png.rf.8837c4ba6e91c59a634fc8cd30cd204b.jpg,103_png.rf.8837c4ba6e91c59a634fc8cd30cd204b.jpg,13,False,0.947739300316178,True,ok
train,/home/fsilva/Desktop/MIA/1ano/2sem/VC/project_part2/task3/yolo_data/train/images/104_png.rf.759632d10d5cf129aab09f0968304a4e.jpg,/home/fsilva/Desktop/MIA/1ano/2sem/VC/project_part2/task3/topview_data/train/images/104_png.rf.759632d10d5cf129aab09f0968304a4e.jpg,104_png.rf.759632d10d5cf129aab09f0968304a4e.jpg,7,False,1.0,True,ok
train,/home/fsilva/Desktop/MIA/1ano/2sem/VC/project_part2/task3/yolo_data/train/images/109_png.rf.0d8042ff3ef7a93feb5a18be8a42ca80.jpg,/home/fsilva/Desktop/MIA/1ano/2sem/VC/project_part2/task3/topview_data/train/images/109_png.rf.0d8042ff3ef7a93feb5a18be8a42ca80.jpg,109_png.rf.0d8042ff3ef7a93feb5a18be8a42ca80.jpg,16,False,0.9940707293871842,True,ok
train,/home/fsilva/Desktop/MIA/1ano/2sem/VC/project_part2/task3/yolo_data/train/images/10_png.rf.9b8c9cafc4edaba51d6fc14bc4ef7186.jpg,/home/fsilva/Desktop/MIA/1ano/2sem/VC/project_part2/task3/topview_data/train/images/10_png.rf.9b8c9cafc4edaba51d6fc14bc4ef7186.jpg,10_png.rf.9b8c9cafc4edaba51d6fc14bc4ef7186.jpg,10,False,0.942257217847769,True,ok
train,/home/fsilva/Desktop/MIA/1ano/2sem/VC/project_part2/task3/yolo_data/train/images/10a_png.rf.bdc9984ba169594ea32b012098ad10dd.jpg,/home/fsilva/Desktop/MIA/1ano/2sem/VC/project_part2/task3/topview_data/train/images/10a_png.rf.bdc9984ba169594ea32b012098ad10dd.jpg,10a_png.rf.bdc9984ba169594ea32b012098ad10dd.jpg,12,False,0.9879166666666666,True,ok
train,/home/fsilva/Desktop/MIA/1ano/2sem/VC/project_part2/task3/yolo_data/train/images/10t_png.rf.97c979f963b5a914b50a065e59ef3873.jpg,/home/fsilva/Desktop/MIA/1ano/2sem/VC/project_part2/task3/topview_data/train/images/10t_png.rf.97c979f963b5a914b50a065e59ef3873.jpg,10t_png.rf.97c979f963b5a914b50a065e59ef3873.jpg,12,False,0.9850473791889098,True,ok
train,/home/fsilva/Desktop/MIA/1ano/2sem/VC/project_part2/task3/yolo_data/train/images/110_png.rf.9a38b6057e543f83b58aa59b9748688b.jpg,/home/fsilva/Desktop/MIA/1ano/2sem/VC/project_part2/task3/topview_data/train/images/110_png.rf.9a38b6057e543f83b58aa59b9748688b.jpg,110_png.rf.9a38b6057e543f83b58aa59b9748688b.jpg,2,False,0.980735036650725,True,ok
train,/home/fsilva/Desktop/MIA/1ano/2sem/VC/project_part2/task3/yolo_data/train/images/111_png.rf.573bdb8149674c4469ce560c651c6a48.jpg,/home/fsilva/Desktop/MIA/1ano/2sem/VC/project_part2/task3/topview_data/train/images/111_png.rf.573bdb8149674c4469ce560c651c6a48.jpg,111_png.rf.573bdb8149674c4469ce560c651c6a48.jpg,16,False,0.9868777043014516,True,ok
train,/home/fsilva/Desktop/MIA/1ano/2sem/VC/project_part2/task3/yolo_data/train/images/112_png.rf.9b08015f172aafbe456ed9d92cca77fe.jpg,/home/fsilva/Desktop/MIA/1ano/2sem/VC/project_part2/task3/topview_data/train/images/112_png.rf.9b08015f172aafbe456ed9d92cca77fe.jpg,112_png.rf.9b08015f172aafbe456ed9d92cca77fe.jpg,16,False,0.9793595002947812,True,ok
train,/home/fsilva/Desktop/MIA/1ano/2sem/VC/project_part2/task3/yolo_data/train/images/113_png.rf.5843d20115f51d7d26f2cf52734504d3.jpg,/home/fsilva/Desktop/MIA/1ano/2sem/VC/project_part2/task3/topview_data/train/images/113_png.rf.5843d20115f51d7d26f2cf52734504d3.jpg,113_png.rf.5843d20115f51d7d26f2cf52734504d3.jpg,15,False,0.989455178307021,True,ok
train,/home/fsilva/Desktop/MIA/1ano/2sem/VC/project_part2/task3/yolo_data/train/images/114_png.rf.98b2144c25b9f48816abd7edb00f365c.jpg,/home/fsilva/Desktop/MIA/1ano/2sem/VC/project_part2/task3/topview_data/train/images/114_png.rf.98b2144c25b9f48816abd7edb00f365c.jpg,114_png.rf.98b2144c25b9f48816abd7edb00f365c.jpg,16,False,0.9831117278012234,True,ok
train,/home/fsilva/Desktop/MIA/1ano/2sem/VC/project_part2/task3/yolo_data/train/images/115_png.rf.ed51d53dd5c384b1f26a2b6ece52ad69.jpg,/home/fsilva/Desktop/MIA/1ano/2sem/VC/project_part2/task3/topview_data/train/images/115_png.rf.ed51d53dd5c384b1f26a2b6ece52ad69.jpg,115_png.rf.ed51d53dd5c384b1f26a2b6ece52ad69.jpg,11,False,0.9830444626058021,True,ok
train,/home/fsilva/Desktop/MIA/1ano/2sem/VC/project_part2/task3/yolo_data/train/images/116_png.rf.d62651a8a8690338109c790bb5e036bd.jpg,/home/fsilva/Desktop/MIA/1ano/2sem/VC/project_part2/task3/topview_data/train/images/116_png.rf.d62651a8a8690338109c790bb5e036bd.jpg,116_png.rf.d62651a8a8690338109c790bb5e036bd.jpg,16,False,0.9848958333333333,True,ok
train,/home/fsilva/Desktop/MIA/1ano/2sem/VC/project_part2/task3/yolo_data/train/images/117_png.rf.8cc2251ee5c44b6bd3734b39795c7cc9.jpg,/home/fsilva/Desktop/MIA/1ano/2sem/VC/project_part2/task3/topview_data/train/images/117_png.rf.8cc2251ee5c44b6bd3734b39795c7cc9.jpg,117_png.rf.8cc2251ee5c44b6bd3734b39795c7cc9.jpg,9,False,0.98101117475292,True,ok
train,/home/fsilva/Desktop/MIA/1ano/2sem/VC/project_part2/task3/yolo_data/train/images/11_png.rf.6b73a508e3eafaac95768aae9325dabc.jpg,/home/fsilva/Desktop/MIA/1ano/2sem/VC/project_part2/task3/topview_data/train/images/11_png.rf.6b73a508e3eafaac95768aae9325dabc.jpg,11_png.rf.6b73a508e3eafaac95768aae9325dabc.jpg,10,False,0.9002732240437158,True,ok
train,/home/fsilva/Desktop/MIA/1ano/2sem/VC/project_part2/task3/yolo_data/train/images/11f_png.rf.eb0169eccfb6b264a582491457ff37b6.jpg,/home/fsilva/Desktop/MIA/1ano/2sem/VC/project_part2/task3/topview_data/train/images/11f_png.rf.eb0169eccfb6b264a582491457ff37b6.jpg,11f_png.rf.eb0169eccfb6b264a582491457ff37b6.jpg,3,False,0.9913653228399368,True,ok
train,/home/fsilva/Desktop/MIA/1ano/2sem/VC/project_part2/task3/yolo_data/train/images/120_png.rf.ad88298a705a565adab2f06fe083c434.jpg,/home/fsilva/Desktop/MIA/1ano/2sem/VC/project_part2/task3/topview_data/train/images/120_png.rf.ad88298a705a565adab2f06fe083c434.jpg,120_png.rf.ad88298a705a565adab2f06fe083c434.jpg,15,False,0.9801904919807495,True,ok
train,/home/fsilva/Desktop/MIA/1ano/2sem/VC/project_part2/task3/yolo_data/train/images/122_png.rf.7df85841dad9a1f2d79c7f510f562052.jpg,/home/fsilva/Desktop/MIA/1ano/2sem/VC/project_part2/task3/topview_data/train/images/122_png.rf.7df85841dad9a1f2d79c7f510f562052.jpg,122_png.rf.7df85841dad9a1f2d79c7f510f562052.jpg,16,False,0.9674795060558385,True,ok
train,/home/fsilva/Desktop/MIA/1ano/2sem/VC/project_part2/task3/yolo_data/train/images/123_png.rf.c77820fd3abbca5d6265af63564f9564.jpg,/home/fsilva/Desktop/MIA/1ano/2sem/VC/project_part2/task3/topview_data/train/images/123_png.rf.c77820fd3abbca5d6265af63564f9564.jpg,123_png.rf.c77820fd3abbca5d6265af63564f9564.jpg,13,False,0.9821172638780051,True,ok
train,/home/fsilva/Desktop/MIA/1ano/2sem/VC/project_part2/task3/yolo_data/train/images/124_png.rf.1c7ed97791213cc079fccc558f1ad959.jpg,/home/fsilva/Desktop/MIA/1ano/2sem/VC/project_part2/task3/topview_data/train/images/124_png.rf.1c7ed97791213cc079fccc558f1ad959.jpg,124_png.rf.1c7ed97791213cc079fccc558f1ad959.jpg,16,False,1.0,True,ok
train,/home/fsilva/Desktop/MIA/1ano/2sem/VC/project_part2/task3/yolo_data/train/images/125_png.rf.746e605d23baaa43560542b8554b714c.jpg,/home/fsilva/Desktop/MIA/1ano/2sem/VC/project_part2/task3/topview_data/train/images/125_png.rf.746e605d23baaa43560542b8554b714c.jpg,125_png.rf.746e605d23baaa43560542b8554b714c.jpg,16,False,0.9791367130684978,True,ok
train,/home/fsilva/Desktop/MIA/1ano/2sem/VC/project_part2/task3/yolo_data/train/images/126_png.rf.e6e489914c00e5b8f70f174d0e305e25.jpg,/home/fsilva/Desktop/MIA/1ano/2sem/VC/project_part2/task3/topview_data/train/images/126_png.rf.e6e489914c00e5b8f70f174d0e305e25.jpg,126_png.rf.e6e489914c00e5b8f70f174d0e305e25.jpg,15,False,0.9816849866950068,True,ok
train,/home/fsilva/Desktop/MIA/1ano/2sem/VC/project_part2/task3/yolo_data/train/images/127_png.rf.9f6501b0ba0e856cf6dd9e59f65ce574.jpg,/home/fsilva/Desktop/MIA/1ano/2sem/VC/project_part2/task3/topview_data/train/images/127_png.rf.9f6501b0ba0e856cf6dd9e59f65ce574.jpg,127_png.rf.9f6501b0ba0e856cf6dd9e59f65ce574.jpg,16,False,0.9785427612682667,True,ok
train,/home/fsilva/Desktop/MIA/1ano/2sem/VC/project_part2/task3/yolo_data/train/images/129_png.rf.eb2bbec526ed5285770c494673de2c04.jpg,/home/fsilva/Desktop/MIA/1ano/2sem/VC/project_part2/task3/topview_data/train/images/129_png.rf.eb2bbec526ed5285770c494673de2c04.jpg,129_png.rf.eb2bbec526ed5285770c494673de2c04.jpg,9,False,0.9921020694081395,True,ok
train,/home/fsilva/Desktop/MIA/1ano/2sem/VC/project_part2/task3/yolo_data/train/images/12_png.rf.9071d30b04e7162eeae5abb28b0ff82c.jpg,/home/fsilva/Desktop/MIA/1ano/2sem/VC/project_part2/task3/topview_data/train/images/12_png.rf.9071d30b04e7162eeae5abb28b0ff82c.jpg,12_png.rf.9071d30b04e7162eeae5abb28b0ff82c.jpg,14,False,0.9376590330788804,True,ok
train,/home/fsilva/Desktop/MIA/1ano/2sem/VC/project_part2/task3/yolo_data/train/images/12f_png.rf.5a7e571b0b0c0eef39ae35682db8394f.jpg,/home/fsilva/Desktop/MIA/1ano/2sem/VC/project_part2/task3/topview_data/train/images/12f_png.rf.5a7e571b0b0c0eef39ae35682db8394f.jpg,12f_png.rf.5a7e571b0b0c0eef39ae35682db8394f.jpg,5,False,0.9819205860313223,True,ok
train,/home/fsilva/Desktop/MIA/1ano/2sem/VC/project_part2/task3/yolo_data/train/images/131_png.rf.593310c39f8835ed0786033b6690de45.jpg,/home/fsilva/Desktop/MIA/1ano/2sem/VC/project_part2/task3/topview_data/train/images/131_png.rf.593310c39f8835ed0786033b6690de45.jpg,131_png.rf.593310c39f8835ed0786033b6690de45.jpg,12,False,1.0,True,ok
train,/home/fsilva/Desktop/MIA/1ano/2sem/VC/project_part2/task3/yolo_data/train/images/132_png.rf.071b2e2111df71728a6b770afd959117.jpg,/home/fsilva/Desktop/MIA/1ano/2sem/VC/project_part2/task3/topview_data/train/images/132_png.rf.071b2e2111df71728a6b770afd959117.jpg,132_png.rf.071b2e2111df71728a6b770afd959117.jpg,11,False,0.9908721887471081,True,ok
train,/home/fsilva/Desktop/MIA/1ano/2sem/VC/project_part2/task3/yolo_data/train/images/133_png.rf.a4164ecd79cdd480304adcf094cd17e3.jpg,/home/fsilva/Desktop/MIA/1ano/2sem/VC/project_part2/task3/topview_data/train/images/133_png.rf.a4164ecd79cdd480304adcf094cd17e3.jpg,133_png.rf.a4164ecd79cdd480304adcf094cd17e3.jpg,11,False,0.9894217771361669,True,ok
train,/home/fsilva/Desktop/MIA/1ano/2sem/VC/project_part2/task3/yolo_data/train/images/134_png.rf.eafc70891a991c969df70bd817a63375.jpg,/home/fsilva/Desktop/MIA/1ano/2sem/VC/project_part2/task3/topview_data/train/images/134_png.rf.eafc70891a991c969df70bd817a63375.jpg,134_png.rf.eafc70891a991c969df70bd817a63375.jpg,13,False,0.9801590544032405,True,ok
train,/home/fsilva/Desktop/MIA/1ano/2sem/VC/project_part2/task3/yolo_data/train/images/135_png.rf.8a27e2add3109c3d2fc762fd95669219.jpg,/home/fsilva/Desktop/MIA/1ano/2sem/VC/project_part2/task3/topview_data/train/images/135_png.rf.8a27e2add3109c3d2fc762fd95669219.jpg,135_png.rf.8a27e2add3109c3d2fc762fd95669219.jpg,15,False,0.9828075481614773,True,ok
train,/home/fsilva/Desktop/MIA/1ano/2sem/VC/project_part2/task3/yolo_data/train/images/136_png.rf.e99c3dfd6e84ce294cdabc3bb5ee8a75.jpg,/home/fsilva/Desktop/MIA/1ano/2sem/VC/project_part2/task3/topview_data/train/images/136_png.rf.e99c3dfd6e84ce294cdabc3bb5ee8a75.jpg,136_png.rf.e99c3dfd6e84ce294cdabc3bb5ee8a75.jpg,12,False,0.9791494600190253,True,ok
train,/home/fsilva/Desktop/MIA/1ano/2sem/VC/project_part2/task3/yolo_data/train/images/137_png.rf.bbe9edbb99cbe83b2d718df3122d9344.jpg,/home/fsilva/Desktop/MIA/1ano/2sem/VC/project_part2/task3/topview_data/train/images/137_png.rf.bbe9edbb99cbe83b2d718df3122d9344.jpg,137_png.rf.bbe9edbb99cbe83b2d718df3122d9344.jpg,14,False,0.979036772795029,True,ok
train,/home/fsilva/Desktop/MIA/1ano/2sem/VC/project_part2/task3/yolo_data/train/images/139_png.rf.3b1d0480bfeb169028854cb472ea5f25.jpg,/home/fsilva/Desktop/MIA/1ano/2sem/VC/project_part2/task3/topview_data/train/images/139_png.rf.3b1d0480bfeb169028854cb472ea5f25.jpg,139_png.rf.3b1d0480bfeb169028854cb472ea5f25.jpg,12,False,0.9568279368842415,True,ok
train,/home/fsilva/Desktop/MIA/1ano/2sem/VC/project_part2/task3/yolo_data/train/images/13a_png.rf.b63780972f2990e77bbc2889190bd191.jpg,/home/fsilva/Desktop/MIA/1ano/2sem/VC/project_part2/task3/topview_data/train/images/13a_png.rf.b63780972f2990e77bbc2889190bd191.jpg,13a_png.rf.b63780972f2990e77bbc2889190bd191.jpg,13,False,0.9770284604091445,True,ok
train,/home/fsilva/Desktop/MIA/1ano/2sem/VC/project_part2/task3/yolo_data/train/images/13t_png.rf.6106fd96f4902de298dac63ac73ac264.jpg,/home/fsilva/Desktop/MIA/1ano/2sem/VC/project_part2/task3/topview_data/train/images/13t_png.rf.6106fd96f4902de298dac63ac73ac264.jpg,13t_png.rf.6106fd96f4902de298dac63ac73ac264.jpg,13,False,0.9845944282715923,True,ok
train,/home/fsilva/Desktop/MIA/1ano/2sem/VC/project_part2/task3/yolo_data/train/images/140_png.rf.6645e10bad5cf3f197b71ddb6b34e6b4.jpg,/home/fsilva/Desktop/MIA/1ano/2sem/VC/project_part2/task3/topview_data/train/images/140_png.rf.6645e10bad5cf3f197b71ddb6b34e6b4.jpg,140_png.rf.6645e10bad5cf3f197b71ddb6b34e6b4.jpg,8,False,0.9824060647618935,True,ok
train,/home/fsilva/Desktop/MIA/1ano/2sem/VC/project_part2/task3/yolo_data/train/images/145_png.rf.223f80e4aff2b64f2711cd186532e118.jpg,/home/fsilva/Desktop/MIA/1ano/2sem/VC/project_part2/task3/topview_data/train/images/145_png.rf.223f80e4aff2b64f2711cd186532e118.jpg,145_png.rf.223f80e4aff2b64f2711cd186532e118.jpg,7,False,0.989490578314351,True,ok
train,/home/fsilva/Desktop/MIA/1ano/2sem/VC/project_part2/task3/yolo_data/train/images/147_png.rf.f75092db32c867f5974bd801ebff4919.jpg,/home/fsilva/Desktop/MIA/1ano/2sem/VC/project_part2/task3/topview_data/train/images/147_png.rf.f75092db32c867f5974bd801ebff4919.jpg,147_png.rf.f75092db32c867f5974bd801ebff4919.jpg,15,False,0.9791494600190253,True,ok
train,/home/fsilva/Desktop/MIA/1ano/2sem/VC/project_part2/task3/yolo_data/train/images/148_png.rf.ce6399c2c651b1e0c1ccbe0ed06b1038.jpg,/home/fsilva/Desktop/MIA/1ano/2sem/VC/project_part2/task3/topview_data/train/images/148_png.rf.ce6399c2c651b1e0c1ccbe0ed06b1038.jpg,148_png.rf.ce6399c2c651b1e0c1ccbe0ed06b1038.jpg,11,False,0.9887919682711365,True,ok
train,/home/fsilva/Desktop/MIA/1ano/2sem/VC/project_part2/task3/yolo_data/train/images/14a_png.rf.81c6d6e6686127d4274b4b8bbf8256b7.jpg,/home/fsilva/Desktop/MIA/1ano/2sem/VC/project_part2/task3/topview_data/train/images/14a_png.rf.81c6d6e6686127d4274b4b8bbf8256b7.jpg,14a_png.rf.81c6d6e6686127d4274b4b8bbf8256b7.jpg,15,False,0.9765299139427304,True,ok
train,/home/fsilva/Desktop/MIA/1ano/2sem/VC/project_part2/task3/yolo_data/train/images/14t_png.rf.3c97b229d4e5a2823995bdb9dbd1db76.jpg,/home/fsilva/Desktop/MIA/1ano/2sem/VC/project_part2/task3/topview_data/train/images/14t_png.rf.3c97b229d4e5a2823995bdb9dbd1db76.jpg,14t_png.rf.3c97b229d4e5a2823995bdb9dbd1db76.jpg,15,False,1.0,True,ok
train,/home/fsilva/Desktop/MIA/1ano/2sem/VC/project_part2/task3/yolo_data/train/images/150_png.rf.d73327d3ac59114d003f79ec28e80c36.jpg,/home/fsilva/Desktop/MIA/1ano/2sem/VC/project_part2/task3/topview_data/train/images/150_png.rf.d73327d3ac59114d003f79ec28e80c36.jpg,150_png.rf.d73327d3ac59114d003f79ec28e80c36.jpg,11,False,0.9791494600190253,True,ok
train,/home/fsilva/Desktop/MIA/1ano/2sem/VC/project_part2/task3/yolo_data/train/images/151_png.rf.dded9697689a87303c84573468e354a9.jpg,/home/fsilva/Desktop/MIA/1ano/2sem/VC/project_part2/task3/topview_data/train/images/151_png.rf.dded9697689a87303c84573468e354a9.jpg,151_png.rf.dded9697689a87303c84573468e354a9.jpg,16,False,0.9800362175467405,True,ok
train,/home/fsilva/Desktop/MIA/1ano/2sem/VC/project_part2/task3/yolo_data/train/images/152_png.rf.278ae564b1c981f43016889a9c3240e6.jpg,/home/fsilva/Desktop/MIA/1ano/2sem/VC/project_part2/task3/topview_data/train/images/152_png.rf.278ae564b1c981f43016889a9c3240e6.jpg,152_png.rf.278ae564b1c981f43016889a9c3240e6.jpg,16,False,0.9813015108650538,True,ok
train,/home/fsilva/Desktop/MIA/1ano/2sem/VC/project_part2/task3/yolo_data/train/images/153_png.rf.6e13f8c07bec12bd7e4094e6179bd363.jpg,/home/fsilva/Desktop/MIA/1ano/2sem/VC/project_part2/task3/topview_data/train/images/153_png.rf.6e13f8c07bec12bd7e4094e6179bd363.jpg,153_png.rf.6e13f8c07bec12bd7e4094e6179bd363.jpg,11,False,0.9791494600190253,True,ok
train,/home/fsilva/Desktop/MIA/1ano/2sem/VC/project_part2/task3/yolo_data/train/images/156_png.rf.be7d3c328dad9ee7e3722259541a79d5.jpg,/home/fsilva/Desktop/MIA/1ano/2sem/VC/project_part2/task3/topview_data/train/images/156_png.rf.be7d3c328dad9ee7e3722259541a79d5.jpg,156_png.rf.be7d3c328dad9ee7e3722259541a79d5.jpg,5,False,0.9602144849726755,True,ok
train,/home/fsilva/Desktop/MIA/1ano/2sem/VC/project_part2/task3/yolo_data/train/images/157_png.rf.27c930f4a54872dbae1acb7faf69b5af.jpg,/home/fsilva/Desktop/MIA/1ano/2sem/VC/project_part2/task3/topview_data/train/images/157_png.rf.27c930f4a54872dbae1acb7faf69b5af.jpg,157_png.rf.27c930f4a54872dbae1acb7faf69b5af.jpg,14,False,0.9799006564704239,True,ok
train,/home/fsilva/Desktop/MIA/1ano/2sem/VC/project_part2/task3/yolo_data/train/images/158_png.rf.26ee57b4f05c15fe87b27ed170cd79b2.jpg,/home/fsilva/Desktop/MIA/1ano/2sem/VC/project_part2/task3/topview_data/train/images/158_png.rf.26ee57b4f05c15fe87b27ed170cd79b2.jpg,158_png.rf.26ee57b4f05c15fe87b27ed170cd79b2.jpg,9,False,0.9767665399518473,True,ok
train,/home/fsilva/Desktop/MIA/1ano/2sem/VC/project_part2/task3/yolo_data/train/images/159_png.rf.301cd8292389a32360fcde7abf681cfe.jpg,/home/fsilva/Desktop/MIA/1ano/2sem/VC/project_part2/task3/topview_data/train/images/159_png.rf.301cd8292389a32360fcde7abf681cfe.jpg,159_png.rf.301cd8292389a32360fcde7abf681cfe.jpg,14,False,0.9791494600190253,True,ok
train,/home/fsilva/Desktop/MIA/1ano/2sem/VC/project_part2/task3/yolo_data/train/images/15a_png.rf.d7f7746ea5afb68e6b42346c4990fa43.jpg,/home/fsilva/Desktop/MIA/1ano/2sem/VC/project_part2/task3/topview_data/train/images/15a_png.rf.d7f7746ea5afb68e6b42346c4990fa43.jpg,15a_png.rf.d7f7746ea5afb68e6b42346c4990fa43.jpg,13,False,0.9013337761378428,True,ok
train,/home/fsilva/Desktop/MIA/1ano/2sem/VC/project_part2/task3/yolo_data/train/images/15t_png.rf.0c6ff91ce5b83c01c4f9b1acefae2d71.jpg,/home/fsilva/Desktop/MIA/1ano/2sem/VC/project_part2/task3/topview_data/train/images/15t_png.rf.0c6ff91ce5b83c01c4f9b1acefae2d71.jpg,15t_png.rf.0c6ff91ce5b83c01c4f9b1acefae2d71.jpg,13,False,0.9847262848116767,True,ok
train,/home/fsilva/Desktop/MIA/1ano/2sem/VC/project_part2/task3/yolo_data/train/images/160_png.rf.6f41e2456edd6888c9fae22813acc55e.jpg,/home/fsilva/Desktop/MIA/1ano/2sem/VC/project_part2/task3/topview_data/train/images/160_png.rf.6f41e2456edd6888c9fae22813acc55e.jpg,160_png.rf.6f41e2456edd6888c9fae22813acc55e.jpg,12,False,0.9809494119143345,True,ok
train,/home/fsilva/Desktop/MIA/1ano/2sem/VC/project_part2/task3/yolo_data/train/images/161_png.rf.2436f2b0f85b3351121e334fce1ae80c.jpg,/home/fsilva/Desktop/MIA/1ano/2sem/VC/project_part2/task3/topview_data/train/images/161_png.rf.2436f2b0f85b3351121e334fce1ae80c.jpg,161_png.rf.2436f2b0f85b3351121e334fce1ae80c.jpg,14,False,0.944095109303762,True,ok
train,/home/fsilva/Desktop/MIA/1ano/2sem/VC/project_part2/task3/yolo_data/train/images/162_png.rf.faeb269d920f46126201519c32565e6d.jpg,/home/fsilva/Desktop/MIA/1ano/2sem/VC/project_part2/task3/topview_data/train/images/162_png.rf.faeb269d920f46126201519c32565e6d.jpg,162_png.rf.faeb269d920f46126201519c32565e6d.jpg,15,False,0.9826839636447018,True,ok
train,/home/fsilva/Desktop/MIA/1ano/2sem/VC/project_part2/task3/yolo_data/train/images/163_png.rf.caf94b785a094d025843b480af8738cc.jpg,/home/fsilva/Desktop/MIA/1ano/2sem/VC/project_part2/task3/topview_data/train/images/163_png.rf.caf94b785a094d025843b480af8738cc.jpg,163_png.rf.caf94b785a094d025843b480af8738cc.jpg,8,False,0.9598202294996583,True,ok
train,/home/fsilva/Desktop/MIA/1ano/2sem/VC/project_part2/task3/yolo_data/train/images/164_png.rf.adf1d66e8c2fa71261ca3f1d6852fa16.jpg,/home/fsilva/Desktop/MIA/1ano/2sem/VC/project_part2/task3/topview_data/train/images/164_png.rf.adf1d66e8c2fa71261ca3f1d6852fa16.jpg,164_png.rf.adf1d66e8c2fa71261ca3f1d6852fa16.jpg,16,False,0.9525862043167982,True,ok
train,/home/fsilva/Desktop/MIA/1ano/2sem/VC/project_part2/task3/yolo_data/train/images/165_png.rf.24adc446423ba35cdbff16ccaffc9785.jpg,/home/fsilva/Desktop/MIA/1ano/2sem/VC/project_part2/task3/topview_data/train/images/165_png.rf.24adc446423ba35cdbff16ccaffc9785.jpg,165_png.rf.24adc446423ba35cdbff16ccaffc9785.jpg,12,False,0.9765820492596426,True,ok
train,/home/fsilva/Desktop/MIA/1ano/2sem/VC/project_part2/task3/yolo_data/train/images/166_png.rf.2a5fbe9b778584d26692a480bda6f22a.jpg,/home/fsilva/Desktop/MIA/1ano/2sem/VC/project_part2/task3/topview_data/train/images/166_png.rf.2a5fbe9b778584d26692a480bda6f22a.jpg,166_png.rf.2a5fbe9b778584d26692a480bda6f22a.jpg,14,False,0.9841177774001946,True,ok
train,/home/fsilva/Desktop/MIA/1ano/2sem/VC/project_part2/task3/yolo_data/train/images/169_png.rf.db5c4e716dac3be45044ffb904f0202d.jpg,/home/fsilva/Desktop/MIA/1ano/2sem/VC/project_part2/task3/topview_data/train/images/169_png.rf.db5c4e716dac3be45044ffb904f0202d.jpg,169_png.rf.db5c4e716dac3be45044ffb904f0202d.jpg,14,False,0.7420474578042857,True,ok
train,/home/fsilva/Desktop/MIA/1ano/2sem/VC/project_part2/task3/yolo_data/train/images/16_png.rf.691cc1c2ecb1a6b9e2b253b55ee31e37.jpg,/home/fsilva/Desktop/MIA/1ano/2sem/VC/project_part2/task3/topview_data/train/images/16_png.rf.691cc1c2ecb1a6b9e2b253b55ee31e37.jpg,16_png.rf.691cc1c2ecb1a6b9e2b253b55ee31e37.jpg,12,False,0.9851299562506459,True,ok
train,/home/fsilva/Desktop/MIA/1ano/2sem/VC/project_part2/task3/yolo_data/train/images/16a_png.rf.e7f801e6e3e47469fbbd3bdd34677025.jpg,/home/fsilva/Desktop/MIA/1ano/2sem/VC/project_part2/task3/topview_data/train/images/16a_png.rf.e7f801e6e3e47469fbbd3bdd34677025.jpg,16a_png.rf.e7f801e6e3e47469fbbd3bdd34677025.jpg,12,False,0.984383349087767,True,ok
train,/home/fsilva/Desktop/MIA/1ano/2sem/VC/project_part2/task3/yolo_data/train/images/16t_png.rf.119ab55b2bf60739d833fe614cf03c92.jpg,/home/fsilva/Desktop/MIA/1ano/2sem/VC/project_part2/task3/topview_data/train/images/16t_png.rf.119ab55b2bf60739d833fe614cf03c92.jpg,16t_png.rf.119ab55b2bf60739d833fe614cf03c92.jpg,12,False,0.9847111252673604,True,ok
train,/home/fsilva/Desktop/MIA/1ano/2sem/VC/project_part2/task3/yolo_data/train/images/170_png.rf.41755d44f9afc99e7cda8ff7b064d3e5.jpg,/home/fsilva/Desktop/MIA/1ano/2sem/VC/project_part2/task3/topview_data/train/images/170_png.rf.41755d44f9afc99e7cda8ff7b064d3e5.jpg,170_png.rf.41755d44f9afc99e7cda8ff7b064d3e5.jpg,6,False,0.9485752827586245,True,ok
train,/home/fsilva/Desktop/MIA/1ano/2sem/VC/project_part2/task3/yolo_data/train/images/171_png.rf.e0f78688a6d730302708d2eec60a4bdf.jpg,/home/fsilva/Desktop/MIA/1ano/2sem/VC/project_part2/task3/topview_data/train/images/171_png.rf.e0f78688a6d730302708d2eec60a4bdf.jpg,171_png.rf.e0f78688a6d730302708d2eec60a4bdf.jpg,16,False,0.979472890445136,True,ok
train,/home/fsilva/Desktop/MIA/1ano/2sem/VC/project_part2/task3/yolo_data/train/images/172_png.rf.fcfccb64edd6563c971ed5aadc369851.jpg,/home/fsilva/Desktop/MIA/1ano/2sem/VC/project_part2/task3/topview_data/train/images/172_png.rf.fcfccb64edd6563c971ed5aadc369851.jpg,172_png.rf.fcfccb64edd6563c971ed5aadc369851.jpg,16,False,0.9815817827119314,True,ok
train,/home/fsilva/Desktop/MIA/1ano/2sem/VC/project_part2/task3/yolo_data/train/images/173_png.rf.f39ff7cc18819e237dd9a08f84c71d40.jpg,/home/fsilva/Desktop/MIA/1ano/2sem/VC/project_part2/task3/topview_data/train/images/173_png.rf.f39ff7cc18819e237dd9a08f84c71d40.jpg,173_png.rf.f39ff7cc18819e237dd9a08f84c71d40.jpg,7,False,0.9891691946615587,True,ok
train,/home/fsilva/Desktop/MIA/1ano/2sem/VC/project_part2/task3/yolo_data/train/images/174_png.rf.de712a5dfd0118a5ad22b8dda3158691.jpg,/home/fsilva/Desktop/MIA/1ano/2sem/VC/project_part2/task3/topview_data/train/images/174_png.rf.de712a5dfd0118a5ad22b8dda3158691.jpg,174_png.rf.de712a5dfd0118a5ad22b8dda3158691.jpg,12,False,0.9700501891524301,True,ok
train,/home/fsilva/Desktop/MIA/1ano/2sem/VC/project_part2/task3/yolo_data/train/images/176_png.rf.efe1d54c6d6afc77df454c854179fe54.jpg,/home/fsilva/Desktop/MIA/1ano/2sem/VC/project_part2/task3/topview_data/train/images/176_png.rf.efe1d54c6d6afc77df454c854179fe54.jpg,176_png.rf.efe1d54c6d6afc77df454c854179fe54.jpg,16,False,0.960677942370799,True,ok
train,/home/fsilva/Desktop/MIA/1ano/2sem/VC/project_part2/task3/yolo_data/train/images/177_png.rf.44e0980f0a0137fa46f4a9ac8c51e603.jpg,/home/fsilva/Desktop/MIA/1ano/2sem/VC/project_part2/task3/topview_data/train/images/177_png.rf.44e0980f0a0137fa46f4a9ac8c51e603.jpg,177_png.rf.44e0980f0a0137fa46f4a9ac8c51e603.jpg,16,False,0.9761708966283886,True,ok
train,/home/fsilva/Desktop/MIA/1ano/2sem/VC/project_part2/task3/yolo_data/train/images/178_png.rf.5087fa5324451e07d2ed4f3d0e39b8e7.jpg,/home/fsilva/Desktop/MIA/1ano/2sem/VC/project_part2/task3/topview_data/train/images/178_png.rf.5087fa5324451e07d2ed4f3d0e39b8e7.jpg,178_png.rf.5087fa5324451e07d2ed4f3d0e39b8e7.jpg,9,False,0.9822192322664609,True,ok
train,/home/fsilva/Desktop/MIA/1ano/2sem/VC/project_part2/task3/yolo_data/train/images/179_png.rf.61fcb6e012295881e5f82e05b6d15283.jpg,/home/fsilva/Desktop/MIA/1ano/2sem/VC/project_part2/task3/topview_data/train/images/179_png.rf.61fcb6e012295881e5f82e05b6d15283.jpg,179_png.rf.61fcb6e012295881e5f82e05b6d15283.jpg,14,False,0.9654174581941735,True,ok
train,/home/fsilva/Desktop/MIA/1ano/2sem/VC/project_part2/task3/yolo_data/train/images/17_png.rf.412b3f3fd9387b5e2df8747caf3236b6.jpg,/home/fsilva/Desktop/MIA/1ano/2sem/VC/project_part2/task3/topview_data/train/images/17_png.rf.412b3f3fd9387b5e2df8747caf3236b6.jpg,17_png.rf.412b3f3fd9387b5e2df8747caf3236b6.jpg,12,False,0.9482606336805556,True,ok
train,/home/fsilva/Desktop/MIA/1ano/2sem/VC/project_part2/task3/yolo_data/train/images/17a_png.rf.156d5bf7e3400bc2a30f1251bb4dd348.jpg,/home/fsilva/Desktop/MIA/1ano/2sem/VC/project_part2/task3/topview_data/train/images/17a_png.rf.156d5bf7e3400bc2a30f1251bb4dd348.jpg,17a_png.rf.156d5bf7e3400bc2a30f1251bb4dd348.jpg,15,False,0.975195729480025,True,ok
train,/home/fsilva/Desktop/MIA/1ano/2sem/VC/project_part2/task3/yolo_data/train/images/17t_png.rf.a8ac8e7a7eacab92e5eeafd4bec778c9.jpg,/home/fsilva/Desktop/MIA/1ano/2sem/VC/project_part2/task3/topview_data/train/images/17t_png.rf.a8ac8e7a7eacab92e5eeafd4bec778c9.jpg,17t_png.rf.a8ac8e7a7eacab92e5eeafd4bec778c9.jpg,15,False,0.9846066003842292,True,ok
train,/home/fsilva/Desktop/MIA/1ano/2sem/VC/project_part2/task3/yolo_data/train/images/180_png.rf.d95ed08408ababb588c6d1af919a1ba5.jpg,/home/fsilva/Desktop/MIA/1ano/2sem/VC/project_part2/task3/topview_data/train/images/180_png.rf.d95ed08408ababb588c6d1af919a1ba5.jpg,180_png.rf.d95ed08408ababb588c6d1af919a1ba5.jpg,15,False,0.9587680482743556,True,ok
train,/home/fsilva/Desktop/MIA/1ano/2sem/VC/project_part2/task3/yolo_data/train/images/184_png.rf.a6c6949a3896015ff99ada47dc75393b.jpg,/home/fsilva/Desktop/MIA/1ano/2sem/VC/project_part2/task3/topview_data/train/images/184_png.rf.a6c6949a3896015ff99ada47dc75393b.jpg,184_png.rf.a6c6949a3896015ff99ada47dc75393b.jpg,14,False,0.9826601899827287,True,ok
train,/home/fsilva/Desktop/MIA/1ano/2sem/VC/project_part2/task3/yolo_data/train/images/185_png.rf.d2a971d3a33d7f290e313be493525277.jpg,/home/fsilva/Desktop/MIA/1ano/2sem/VC/project_part2/task3/topview_data/train/images/185_png.rf.d2a971d3a33d7f290e313be493525277.jpg,185_png.rf.d2a971d3a33d7f290e313be493525277.jpg,4,False,0.9670577877624802,True,ok
train,/home/fsilva/Desktop/MIA/1ano/2sem/VC/project_part2/task3/yolo_data/train/images/186_png.rf.6e7fc2cce220b40aa716f4d90902659a.jpg,/home/fsilva/Desktop/MIA/1ano/2sem/VC/project_part2/task3/topview_data/train/images/186_png.rf.6e7fc2cce220b40aa716f4d90902659a.jpg,186_png.rf.6e7fc2cce220b40aa716f4d90902659a.jpg,9,False,0.9715330034704326,True,ok
train,/home/fsilva/Desktop/MIA/1ano/2sem/VC/project_part2/task3/yolo_data/train/images/187_png.rf.b5c19d9e137330a99f4a5885ac5c7d73.jpg,/home/fsilva/Desktop/MIA/1ano/2sem/VC/project_part2/task3/topview_data/train/images/187_png.rf.b5c19d9e137330a99f4a5885ac5c7d73.jpg,187_png.rf.b5c19d9e137330a99f4a5885ac5c7d73.jpg,16,False,0.9537401610450096,True,ok
train,/home/fsilva/Desktop/MIA/1ano/2sem/VC/project_part2/task3/yolo_data/train/images/188_png.rf.817e806abd4f5edc9588cc0dbf1a8616.jpg,/home/fsilva/Desktop/MIA/1ano/2sem/VC/project_part2/task3/topview_data/train/images/188_png.rf.817e806abd4f5edc9588cc0dbf1a8616.jpg,188_png.rf.817e806abd4f5edc9588cc0dbf1a8616.jpg,16,False,0.9653044944403727,True,ok
train,/home/fsilva/Desktop/MIA/1ano/2sem/VC/project_part2/task3/yolo_data/train/images/18_png.rf.deca17bfe3ef6a0738238319d1dcdd71.jpg,/home/fsilva/Desktop/MIA/1ano/2sem/VC/project_part2/task3/topview_data/train/images/18_png.rf.deca17bfe3ef6a0738238319d1dcdd71.jpg,18_png.rf.deca17bfe3ef6a0738238319d1dcdd71.jpg,10,False,0.9948645833333333,True,ok
train,/home/fsilva/Desktop/MIA/1ano/2sem/VC/project_part2/task3/yolo_data/train/images/18a_png.rf.6fd1e6c4251554864ca626ac2595e32d.jpg,/home/fsilva/Desktop/MIA/1ano/2sem/VC/project_part2/task3/topview_data/train/images/18a_png.rf.6fd1e6c4251554864ca626ac2595e32d.jpg,18a_png.rf.6fd1e6c4251554864ca626ac2595e32d.jpg,8,False,0.9701140045051786,True,ok
train,/home/fsilva/Desktop/MIA/1ano/2sem/VC/project_part2/task3/yolo_data/train/images/18t_png.rf.52573d3d561f4ef4c73fbcc5a0d18752.jpg,/home/fsilva/Desktop/MIA/1ano/2sem/VC/project_part2/task3/topview_data/train/images/18t_png.rf.52573d3d561f4ef4c73fbcc5a0d18752.jpg,18t_png.rf.52573d3d561f4ef4c73fbcc5a0d18752.jpg,8,False,0.9846569477680088,True,ok
train,/home/fsilva/Desktop/MIA/1ano/2sem/VC/project_part2/task3/yolo_data/train/images/194_png.rf.6b3c01d7e039ffa56fe5023410954781.jpg,/home/fsilva/Desktop/MIA/1ano/2sem/VC/project_part2/task3/topview_data/train/images/194_png.rf.6b3c01d7e039ffa56fe5023410954781.jpg,194_png.rf.6b3c01d7e039ffa56fe5023410954781.jpg,6,False,0.9711002563781045,True,ok
train,/home/fsilva/Desktop/MIA/1ano/2sem/VC/project_part2/task3/yolo_data/train/images/19_png.rf.9bdb39240f3b93c04a458babb9612353.jpg,/home/fsilva/Desktop/MIA/1ano/2sem/VC/project_part2/task3/topview_data/train/images/19_png.rf.9bdb39240f3b93c04a458babb9612353.jpg,19_png.rf.9bdb39240f3b93c04a458babb9612353.jpg,8,False,0.9307119092726943,True,ok
train,/home/fsilva/Desktop/MIA/1ano/2sem/VC/project_part2/task3/yolo_data/train/images/19a_png.rf.dd2935e517f1adfcd0a735f3f937fa02.jpg,/home/fsilva/Desktop/MIA/1ano/2sem/VC/project_part2/task3/topview_data/train/images/19a_png.rf.dd2935e517f1adfcd0a735f3f937fa02.jpg,19a_png.rf.dd2935e517f1adfcd0a735f3f937fa02.jpg,15,False,0.9842964340543494,True,ok
train,/home/fsilva/Desktop/MIA/1ano/2sem/VC/project_part2/task3/yolo_data/train/images/19t_png.rf.379beff6ca036f9dfee92873c63e1c91.jpg,/home/fsilva/Desktop/MIA/1ano/2sem/VC/project_part2/task3/topview_data/train/images/19t_png.rf.379beff6ca036f9dfee92873c63e1c91.jpg,19t_png.rf.379beff6ca036f9dfee92873c63e1c91.jpg,15,False,0.983100608981375,True,ok
train,/home/fsilva/Desktop/MIA/1ano/2sem/VC/project_part2/task3/yolo_data/train/images/1a_png.rf.17bf9820312efff2213b1d1b08ffad66.jpg,/home/fsilva/Desktop/MIA/1ano/2sem/VC/project_part2/task3/topview_data/train/images/1a_png.rf.17bf9820312efff2213b1d1b08ffad66.jpg,1a_png.rf.17bf9820312efff2213b1d1b08ffad66.jpg,12,False,0.9581578565349763,True,ok
train,/home/fsilva/Desktop/MIA/1ano/2sem/VC/project_part2/task3/yolo_data/train/images/1t_png.rf.4e6421a849d36687701eb5b4187ff417.jpg,/home/fsilva/Desktop/MIA/1ano/2sem/VC/project_part2/task3/topview_data/train/images/1t_png.rf.4e6421a849d36687701eb5b4187ff417.jpg,1t_png.rf.4e6421a849d36687701eb5b4187ff417.jpg,12,False,0.985412157900588,True,ok
train,/home/fsilva/Desktop/MIA/1ano/2sem/VC/project_part2/task3/yolo_data/train/images/20t_png.rf.9c3224a237aafafb9884ca7c91a4ddb3.jpg,/home/fsilva/Desktop/MIA/1ano/2sem/VC/project_part2/task3/topview_data/train/images/20t_png.rf.9c3224a237aafafb9884ca7c91a4ddb3.jpg,20t_png.rf.9c3224a237aafafb9884ca7c91a4ddb3.jpg,14,False,0.9849096433750244,True,ok
train,/home/fsilva/Desktop/MIA/1ano/2sem/VC/project_part2/task3/yolo_data/train/images/21_png.rf.14a3f0eb3df1717c54de3445f3988524.jpg,/home/fsilva/Desktop/MIA/1ano/2sem/VC/project_part2/task3/topview_data/train/images/21_png.rf.14a3f0eb3df1717c54de3445f3988524.jpg,21_png.rf.14a3f0eb3df1717c54de3445f3988524.jpg,13,False,0.9976009465027006,True,ok
train,/home/fsilva/Desktop/MIA/1ano/2sem/VC/project_part2/task3/yolo_data/train/images/21f_png.rf.1d0b1d461f995224e4dda334c1e6a20c.jpg,/home/fsilva/Desktop/MIA/1ano/2sem/VC/project_part2/task3/topview_data/train/images/21f_png.rf.1d0b1d461f995224e4dda334c1e6a20c.jpg,21f_png.rf.1d0b1d461f995224e4dda334c1e6a20c.jpg,14,False,0.982198432911388,True,ok
train,/home/fsilva/Desktop/MIA/1ano/2sem/VC/project_part2/task3/yolo_data/train/images/21t_png.rf.23503211ec11166ceb013315fc5d8c4c.jpg,/home/fsilva/Desktop/MIA/1ano/2sem/VC/project_part2/task3/topview_data/train/images/21t_png.rf.23503211ec11166ceb013315fc5d8c4c.jpg,21t_png.rf.23503211ec11166ceb013315fc5d8c4c.jpg,14,False,0.9858415724342582,True,ok
train,/home/fsilva/Desktop/MIA/1ano/2sem/VC/project_part2/task3/yolo_data/train/images/22_png.rf.57aac7aececd3a52d497d28fbb121c8c.jpg,/home/fsilva/Desktop/MIA/1ano/2sem/VC/project_part2/task3/topview_data/train/images/22_png.rf.57aac7aececd3a52d497d28fbb121c8c.jpg,22_png.rf.57aac7aececd3a52d497d28fbb121c8c.jpg,10,False,0.9868862101235325,True,ok
train,/home/fsilva/Desktop/MIA/1ano/2sem/VC/project_part2/task3/yolo_data/train/images/22f_png.rf.5f4dedb3e61ea2ced7d183a74035d313.jpg,/home/fsilva/Desktop/MIA/1ano/2sem/VC/project_part2/task3/topview_data/train/images/22f_png.rf.5f4dedb3e61ea2ced7d183a74035d313.jpg,22f_png.rf.5f4dedb3e61ea2ced7d183a74035d313.jpg,9,False,0.9823223197343485,True,ok
train,/home/fsilva/Desktop/MIA/1ano/2sem/VC/project_part2/task3/yolo_data/train/images/23a_png.rf.c51e6e9452d0f5b24425c277e7e93085.jpg,/home/fsilva/Desktop/MIA/1ano/2sem/VC/project_part2/task3/topview_data/train/images/23a_png.rf.c51e6e9452d0f5b24425c277e7e93085.jpg,23a_png.rf.c51e6e9452d0f5b24425c277e7e93085.jpg,16,False,0.9643951319564726,True,ok
train,/home/fsilva/Desktop/MIA/1ano/2sem/VC/project_part2/task3/yolo_data/train/images/23t_png.rf.f9c0505fe9f3c1f4d088ff99d4625b48.jpg,/home/fsilva/Desktop/MIA/1ano/2sem/VC/project_part2/task3/topview_data/train/images/23t_png.rf.f9c0505fe9f3c1f4d088ff99d4625b48.jpg,23t_png.rf.f9c0505fe9f3c1f4d088ff99d4625b48.jpg,16,False,0.9845914619403782,True,ok
train,/home/fsilva/Desktop/MIA/1ano/2sem/VC/project_part2/task3/yolo_data/train/images/24_png.rf.76109e322271997766d83ebb01eba055.jpg,/home/fsilva/Desktop/MIA/1ano/2sem/VC/project_part2/task3/topview_data/train/images/24_png.rf.76109e322271997766d83ebb01eba055.jpg,24_png.rf.76109e322271997766d83ebb01eba055.jpg,14,False,0.9853515485909639,True,ok
train,/home/fsilva/Desktop/MIA/1ano/2sem/VC/project_part2/task3/yolo_data/train/images/24t_png.rf.736be6ec774d58d37397d1d1675e4fb9.jpg,/home/fsilva/Desktop/MIA/1ano/2sem/VC/project_part2/task3/topview_data/train/images/24t_png.rf.736be6ec774d58d37397d1d1675e4fb9.jpg,24t_png.rf.736be6ec774d58d37397d1d1675e4fb9.jpg,10,False,0.9850161912065095,True,ok
train,/home/fsilva/Desktop/MIA/1ano/2sem/VC/project_part2/task3/yolo_data/train/images/25_png.rf.7e8991bbc403d6fbe9b9e6877ce5f38a.jpg,/home/fsilva/Desktop/MIA/1ano/2sem/VC/project_part2/task3/topview_data/train/images/25_png.rf.7e8991bbc403d6fbe9b9e6877ce5f38a.jpg,25_png.rf.7e8991bbc403d6fbe9b9e6877ce5f38a.jpg,11,False,0.9853515485909639,True,ok
train,/home/fsilva/Desktop/MIA/1ano/2sem/VC/project_part2/task3/yolo_data/train/images/25f_png.rf.e20424d4f5cc6ff760cbfa7767c3ec32.jpg,/home/fsilva/Desktop/MIA/1ano/2sem/VC/project_part2/task3/topview_data/train/images/25f_png.rf.e20424d4f5cc6ff760cbfa7767c3ec32.jpg,25f_png.rf.e20424d4f5cc6ff760cbfa7767c3ec32.jpg,15,False,0.9919921525349289,True,ok
train,/home/fsilva/Desktop/MIA/1ano/2sem/VC/project_part2/task3/yolo_data/train/images/25t_png.rf.28a806c6e73dff70dbdafd6d5343f0ff.jpg,/home/fsilva/Desktop/MIA/1ano/2sem/VC/project_part2/task3/topview_data/train/images/25t_png.rf.28a806c6e73dff70dbdafd6d5343f0ff.jpg,25t_png.rf.28a806c6e73dff70dbdafd6d5343f0ff.jpg,15,False,1.0,True,ok
train,/home/fsilva/Desktop/MIA/1ano/2sem/VC/project_part2/task3/yolo_data/train/images/26_png.rf.58fd63888dc80d24e902a96995a31656.jpg,/home/fsilva/Desktop/MIA/1ano/2sem/VC/project_part2/task3/topview_data/train/images/26_png.rf.58fd63888dc80d24e902a96995a31656.jpg,26_png.rf.58fd63888dc80d24e902a96995a31656.jpg,10,False,1.0,True,ok
train,/home/fsilva/Desktop/MIA/1ano/2sem/VC/project_part2/task3/yolo_data/train/images/27_png.rf.b66e7ecbfb20811de556a247f42c24ec.jpg,/home/fsilva/Desktop/MIA/1ano/2sem/VC/project_part2/task3/topview_data/train/images/27_png.rf.b66e7ecbfb20811de556a247f42c24ec.jpg,27_png.rf.b66e7ecbfb20811de556a247f42c24ec.jpg,16,False,0.9865115897697269,True,ok
train,/home/fsilva/Desktop/MIA/1ano/2sem/VC/project_part2/task3/yolo_data/train/images/2a_png.rf.d8a574394a3499846384d0e2f5162459.jpg,/home/fsilva/Desktop/MIA/1ano/2sem/VC/project_part2/task3/topview_data/train/images/2a_png.rf.d8a574394a3499846384d0e2f5162459.jpg,2a_png.rf.d8a574394a3499846384d0e2f5162459.jpg,16,False,0.980707056852627,True,ok
train,/home/fsilva/Desktop/MIA/1ano/2sem/VC/project_part2/task3/yolo_data/train/images/30_png.rf.e72e10b42198e1de89cc63429368e384.jpg,/home/fsilva/Desktop/MIA/1ano/2sem/VC/project_part2/task3/topview_data/train/images/30_png.rf.e72e10b42198e1de89cc63429368e384.jpg,30_png.rf.e72e10b42198e1de89cc63429368e384.jpg,11,False,0.9851639631160772,True,ok
train,/home/fsilva/Desktop/MIA/1ano/2sem/VC/project_part2/task3/yolo_data/train/images/31_png.rf.0f21d20a8cd7c12cbb1222cd2070b345.jpg,/home/fsilva/Desktop/MIA/1ano/2sem/VC/project_part2/task3/topview_data/train/images/31_png.rf.0f21d20a8cd7c12cbb1222cd2070b345.jpg,31_png.rf.0f21d20a8cd7c12cbb1222cd2070b345.jpg,4,False,0.9850592550887743,True,ok
train,/home/fsilva/Desktop/MIA/1ano/2sem/VC/project_part2/task3/yolo_data/train/images/32_png.rf.1edd41098eb074d061f00c09470d90cf.jpg,/home/fsilva/Desktop/MIA/1ano/2sem/VC/project_part2/task3/topview_data/train/images/32_png.rf.1edd41098eb074d061f00c09470d90cf.jpg,32_png.rf.1edd41098eb074d061f00c09470d90cf.jpg,5,False,0.9846368715083799,True,ok
train,/home/fsilva/Desktop/MIA/1ano/2sem/VC/project_part2/task3/yolo_data/train/images/34_png.rf.407889c8b2afe2a57c57461fa46b2d4f.jpg,/home/fsilva/Desktop/MIA/1ano/2sem/VC/project_part2/task3/topview_data/train/images/34_png.rf.407889c8b2afe2a57c57461fa46b2d4f.jpg,34_png.rf.407889c8b2afe2a57c57461fa46b2d4f.jpg,16,False,0.9945624999999999,True,ok
train,/home/fsilva/Desktop/MIA/1ano/2sem/VC/project_part2/task3/yolo_data/train/images/35_png.rf.3b3f67570700881bc1962c56d85d95eb.jpg,/home/fsilva/Desktop/MIA/1ano/2sem/VC/project_part2/task3/topview_data/train/images/35_png.rf.3b3f67570700881bc1962c56d85d95eb.jpg,35_png.rf.3b3f67570700881bc1962c56d85d95eb.jpg,3,False,1.0,True,ok
train,/home/fsilva/Desktop/MIA/1ano/2sem/VC/project_part2/task3/yolo_data/train/images/36_png.rf.0335463c111a76dc82384e5664c969ca.jpg,/home/fsilva/Desktop/MIA/1ano/2sem/VC/project_part2/task3/topview_data/train/images/36_png.rf.0335463c111a76dc82384e5664c969ca.jpg,36_png.rf.0335463c111a76dc82384e5664c969ca.jpg,11,False,0.9851299562506459,True,ok
train,/home/fsilva/Desktop/MIA/1ano/2sem/VC/project_part2/task3/yolo_data/train/images/37_png.rf.a2fe8faa9b5237f15f8ad0a0f63d704e.jpg,/home/fsilva/Desktop/MIA/1ano/2sem/VC/project_part2/task3/topview_data/train/images/37_png.rf.a2fe8faa9b5237f15f8ad0a0f63d704e.jpg,37_png.rf.a2fe8faa9b5237f15f8ad0a0f63d704e.jpg,6,False,0.9855760142116854,True,ok
train,/home/fsilva/Desktop/MIA/1ano/2sem/VC/project_part2/task3/yolo_data/train/images/39_png.rf.dc31e2cb0d05a0df89cfefc35ec71231.jpg,/home/fsilva/Desktop/MIA/1ano/2sem/VC/project_part2/task3/topview_data/train/images/39_png.rf.dc31e2cb0d05a0df89cfefc35ec71231.jpg,39_png.rf.dc31e2cb0d05a0df89cfefc35ec71231.jpg,5,False,0.9848696461824954,True,ok
train,/home/fsilva/Desktop/MIA/1ano/2sem/VC/project_part2/task3/yolo_data/train/images/40_png.rf.5bb1a2e7946b7a35cb9e87950cc508da.jpg,/home/fsilva/Desktop/MIA/1ano/2sem/VC/project_part2/task3/topview_data/train/images/40_png.rf.5bb1a2e7946b7a35cb9e87950cc508da.jpg,40_png.rf.5bb1a2e7946b7a35cb9e87950cc508da.jpg,4,False,0.9838716612504665,True,ok
train,/home/fsilva/Desktop/MIA/1ano/2sem/VC/project_part2/task3/yolo_data/train/images/41_png.rf.1b958373ee00ad9b6c72ccde65ac6c44.jpg,/home/fsilva/Desktop/MIA/1ano/2sem/VC/project_part2/task3/topview_data/train/images/41_png.rf.1b958373ee00ad9b6c72ccde65ac6c44.jpg,41_png.rf.1b958373ee00ad9b6c72ccde65ac6c44.jpg,15,False,0.9851299562506459,True,ok
train,/home/fsilva/Desktop/MIA/1ano/2sem/VC/project_part2/task3/yolo_data/train/images/42_png.rf.c6be4b18ac2a7d7c6e71b98132d5b411.jpg,/home/fsilva/Desktop/MIA/1ano/2sem/VC/project_part2/task3/topview_data/train/images/42_png.rf.c6be4b18ac2a7d7c6e71b98132d5b411.jpg,42_png.rf.c6be4b18ac2a7d7c6e71b98132d5b411.jpg,14,False,0.9853580734947945,True,ok
train,/home/fsilva/Desktop/MIA/1ano/2sem/VC/project_part2/task3/yolo_data/train/images/46_png.rf.e8ee7736ebfa4a3181665065498b2b12.jpg,/home/fsilva/Desktop/MIA/1ano/2sem/VC/project_part2/task3/topview_data/train/images/46_png.rf.e8ee7736ebfa4a3181665065498b2b12.jpg,46_png.rf.e8ee7736ebfa4a3181665065498b2b12.jpg,13,False,0.9146005509641874,True,ok
train,/home/fsilva/Desktop/MIA/1ano/2sem/VC/project_part2/task3/yolo_data/train/images/49_png.rf.34dd21e67336cfaacfc62268433a9c2d.jpg,/home/fsilva/Desktop/MIA/1ano/2sem/VC/project_part2/task3/topview_data/train/images/49_png.rf.34dd21e67336cfaacfc62268433a9c2d.jpg,49_png.rf.34dd21e67336cfaacfc62268433a9c2d.jpg,13,False,0.9851295001295002,True,ok
train,/home/fsilva/Desktop/MIA/1ano/2sem/VC/project_part2/task3/yolo_data/train/images/4t_png.rf.de24767c63cfdd43e998b62fa3c37be8.jpg,/home/fsilva/Desktop/MIA/1ano/2sem/VC/project_part2/task3/topview_data/train/images/4t_png.rf.de24767c63cfdd43e998b62fa3c37be8.jpg,4t_png.rf.de24767c63cfdd43e998b62fa3c37be8.jpg,12,False,0.9860620143378185,True,ok
train,/home/fsilva/Desktop/MIA/1ano/2sem/VC/project_part2/task3/yolo_data/train/images/53_png.rf.855b0f59076e870a81b9fa99f43590a7.jpg,/home/fsilva/Desktop/MIA/1ano/2sem/VC/project_part2/task3/topview_data/train/images/53_png.rf.855b0f59076e870a81b9fa99f43590a7.jpg,53_png.rf.855b0f59076e870a81b9fa99f43590a7.jpg,12,False,0.9084699453551912,True,ok
train,/home/fsilva/Desktop/MIA/1ano/2sem/VC/project_part2/task3/yolo_data/train/images/5_png.rf.83aee7ccd4569a48f90641b7606818c5.jpg,/home/fsilva/Desktop/MIA/1ano/2sem/VC/project_part2/task3/topview_data/train/images/5_png.rf.83aee7ccd4569a48f90641b7606818c5.jpg,5_png.rf.83aee7ccd4569a48f90641b7606818c5.jpg,10,False,0.9768000426803243,True,ok
train,/home/fsilva/Desktop/MIA/1ano/2sem/VC/project_part2/task3/yolo_data/train/images/5a_png.rf.bae1d48b3d2d96a990799b836ecebcbb.jpg,/home/fsilva/Desktop/MIA/1ano/2sem/VC/project_part2/task3/topview_data/train/images/5a_png.rf.bae1d48b3d2d96a990799b836ecebcbb.jpg,5a_png.rf.bae1d48b3d2d96a990799b836ecebcbb.jpg,15,False,0.992448575090101,True,ok
train,/home/fsilva/Desktop/MIA/1ano/2sem/VC/project_part2/task3/yolo_data/train/images/69_png.rf.1edee7e4c9a2c82d508c7805de8bb35c.jpg,/home/fsilva/Desktop/MIA/1ano/2sem/VC/project_part2/task3/topview_data/train/images/69_png.rf.1edee7e4c9a2c82d508c7805de8bb35c.jpg,69_png.rf.1edee7e4c9a2c82d508c7805de8bb35c.jpg,6,False,0.9330808080808081,True,ok
train,/home/fsilva/Desktop/MIA/1ano/2sem/VC/project_part2/task3/yolo_data/train/images/6f_png.rf.4dcfc0c556af56e418f2226f40765059.jpg,/home/fsilva/Desktop/MIA/1ano/2sem/VC/project_part2/task3/topview_data/train/images/6f_png.rf.4dcfc0c556af56e418f2226f40765059.jpg,6f_png.rf.4dcfc0c556af56e418f2226f40765059.jpg,14,False,0.9799672765878489,True,ok
train,/home/fsilva/Desktop/MIA/1ano/2sem/VC/project_part2/task3/yolo_data/train/images/73_png.rf.16191fc07ebda5e8a83294c9c4fbd4bb.jpg,/home/fsilva/Desktop/MIA/1ano/2sem/VC/project_part2/task3/topview_data/train/images/73_png.rf.16191fc07ebda5e8a83294c9c4fbd4bb.jpg,73_png.rf.16191fc07ebda5e8a83294c9c4fbd4bb.jpg,8,False,0.9376250827196939,True,ok
train,/home/fsilva/Desktop/MIA/1ano/2sem/VC/project_part2/task3/yolo_data/train/images/76_png.rf.c2154cf087f65699b7b490adbae0b965.jpg,/home/fsilva/Desktop/MIA/1ano/2sem/VC/project_part2/task3/topview_data/train/images/76_png.rf.c2154cf087f65699b7b490adbae0b965.jpg,76_png.rf.c2154cf087f65699b7b490adbae0b965.jpg,9,False,0.940759793937249,True,ok
train,/home/fsilva/Desktop/MIA/1ano/2sem/VC/project_part2/task3/yolo_data/train/images/77_png.rf.255db85931c9fbf597fd7c63e341d1dc.jpg,/home/fsilva/Desktop/MIA/1ano/2sem/VC/project_part2/task3/topview_data/train/images/77_png.rf.255db85931c9fbf597fd7c63e341d1dc.jpg,77_png.rf.255db85931c9fbf597fd7c63e341d1dc.jpg,13,False,0.9867083333333333,True,ok
train,/home/fsilva/Desktop/MIA/1ano/2sem/VC/project_part2/task3/yolo_data/train/images/78_png.rf.e4113b07a8da6a1795e7bb7519fab19a.jpg,/home/fsilva/Desktop/MIA/1ano/2sem/VC/project_part2/task3/topview_data/train/images/78_png.rf.e4113b07a8da6a1795e7bb7519fab19a.jpg,78_png.rf.e4113b07a8da6a1795e7bb7519fab19a.jpg,11,False,0.9051490514905148,True,ok
train,/home/fsilva/Desktop/MIA/1ano/2sem/VC/project_part2/task3/yolo_data/train/images/79_png.rf.2789d3bf1e3be008d14e55f240bd3bc4.jpg,/home/fsilva/Desktop/MIA/1ano/2sem/VC/project_part2/task3/topview_data/train/images/79_png.rf.2789d3bf1e3be008d14e55f240bd3bc4.jpg,79_png.rf.2789d3bf1e3be008d14e55f240bd3bc4.jpg,11,False,1.0,True,ok
train,/home/fsilva/Desktop/MIA/1ano/2sem/VC/project_part2/task3/yolo_data/train/images/7a_png.rf.7cf9f36a358969bd16be866d1570a303.jpg,/home/fsilva/Desktop/MIA/1ano/2sem/VC/project_part2/task3/topview_data/train/images/7a_png.rf.7cf9f36a358969bd16be866d1570a303.jpg,7a_png.rf.7cf9f36a358969bd16be866d1570a303.jpg,14,False,0.9921697701183171,True,ok
train,/home/fsilva/Desktop/MIA/1ano/2sem/VC/project_part2/task3/yolo_data/train/images/7f_png.rf.4c4c0c1f3dbe608fab29a732857d2927.jpg,/home/fsilva/Desktop/MIA/1ano/2sem/VC/project_part2/task3/topview_data/train/images/7f_png.rf.4c4c0c1f3dbe608fab29a732857d2927.jpg,7f_png.rf.4c4c0c1f3dbe608fab29a732857d2927.jpg,14,False,0.9809869962332427,True,ok
train,/home/fsilva/Desktop/MIA/1ano/2sem/VC/project_part2/task3/yolo_data/train/images/7t_png.rf.d593f52ab7cb17881fddcaf5de468819.jpg,/home/fsilva/Desktop/MIA/1ano/2sem/VC/project_part2/task3/topview_data/train/images/7t_png.rf.d593f52ab7cb17881fddcaf5de468819.jpg,7t_png.rf.d593f52ab7cb17881fddcaf5de468819.jpg,14,False,0.9847727259564195,True,ok
train,/home/fsilva/Desktop/MIA/1ano/2sem/VC/project_part2/task3/yolo_data/train/images/80_png.rf.6c9e5b41ab30f9b3891c82322220421c.jpg,/home/fsilva/Desktop/MIA/1ano/2sem/VC/project_part2/task3/topview_data/train/images/80_png.rf.6c9e5b41ab30f9b3891c82322220421c.jpg,80_png.rf.6c9e5b41ab30f9b3891c82322220421c.jpg,13,False,0.9848958333333333,True,ok
train,/home/fsilva/Desktop/MIA/1ano/2sem/VC/project_part2/task3/yolo_data/train/images/81_png.rf.7783c33301fcb8871d6013ca6a4eb879.jpg,/home/fsilva/Desktop/MIA/1ano/2sem/VC/project_part2/task3/topview_data/train/images/81_png.rf.7783c33301fcb8871d6013ca6a4eb879.jpg,81_png.rf.7783c33301fcb8871d6013ca6a4eb879.jpg,9,False,0.9866005703504277,True,ok
train,/home/fsilva/Desktop/MIA/1ano/2sem/VC/project_part2/task3/yolo_data/train/images/82_png.rf.d084be48b241d855d5a48b16f9595b2a.jpg,/home/fsilva/Desktop/MIA/1ano/2sem/VC/project_part2/task3/topview_data/train/images/82_png.rf.d084be48b241d855d5a48b16f9595b2a.jpg,82_png.rf.d084be48b241d855d5a48b16f9595b2a.jpg,16,False,0.9864062499999999,True,ok
train,/home/fsilva/Desktop/MIA/1ano/2sem/VC/project_part2/task3/yolo_data/train/images/83_png.rf.660e765884a44b4f58b54170810c4888.jpg,/home/fsilva/Desktop/MIA/1ano/2sem/VC/project_part2/task3/topview_data/train/images/83_png.rf.660e765884a44b4f58b54170810c4888.jpg,83_png.rf.660e765884a44b4f58b54170810c4888.jpg,16,False,0.9862306426928814,True,ok
train,/home/fsilva/Desktop/MIA/1ano/2sem/VC/project_part2/task3/yolo_data/train/images/84_png.rf.ce54014b2da8c78d7c8d54001ffdf576.jpg,/home/fsilva/Desktop/MIA/1ano/2sem/VC/project_part2/task3/topview_data/train/images/84_png.rf.ce54014b2da8c78d7c8d54001ffdf576.jpg,84_png.rf.ce54014b2da8c78d7c8d54001ffdf576.jpg,13,False,0.9858020833333332,True,ok
train,/home/fsilva/Desktop/MIA/1ano/2sem/VC/project_part2/task3/yolo_data/train/images/86_png.rf.ed680afb145347de62fa9e5dd2b90bbe.jpg,/home/fsilva/Desktop/MIA/1ano/2sem/VC/project_part2/task3/topview_data/train/images/86_png.rf.ed680afb145347de62fa9e5dd2b90bbe.jpg,86_png.rf.ed680afb145347de62fa9e5dd2b90bbe.jpg,16,False,0.9587489116023287,True,ok
train,/home/fsilva/Desktop/MIA/1ano/2sem/VC/project_part2/task3/yolo_data/train/images/88_png.rf.b58437827b6f9fab3cebf868795b9e21.jpg,/home/fsilva/Desktop/MIA/1ano/2sem/VC/project_part2/task3/topview_data/train/images/88_png.rf.b58437827b6f9fab3cebf868795b9e21.jpg,88_png.rf.b58437827b6f9fab3cebf868795b9e21.jpg,10,False,0.9020295461285359,True,ok
train,/home/fsilva/Desktop/MIA/1ano/2sem/VC/project_part2/task3/yolo_data/train/images/8_png.rf.00b44beea89152bdea072ac458c5ec85.jpg,/home/fsilva/Desktop/MIA/1ano/2sem/VC/project_part2/task3/topview_data/train/images/8_png.rf.00b44beea89152bdea072ac458c5ec85.jpg,8_png.rf.00b44beea89152bdea072ac458c5ec85.jpg,3,False,0.8613477303524915,True,ok
train,/home/fsilva/Desktop/MIA/1ano/2sem/VC/project_part2/task3/yolo_data/train/images/8a_png.rf.d4bd36f20fb980c22c7f33948a375e2a.jpg,/home/fsilva/Desktop/MIA/1ano/2sem/VC/project_part2/task3/topview_data/train/images/8a_png.rf.d4bd36f20fb980c22c7f33948a375e2a.jpg,8a_png.rf.d4bd36f20fb980c22c7f33948a375e2a.jpg,16,False,0.9813455429030046,True,ok
train,/home/fsilva/Desktop/MIA/1ano/2sem/VC/project_part2/task3/yolo_data/train/images/91_png.rf.d78bae1b26a617eb6363e4345800eb54.jpg,/home/fsilva/Desktop/MIA/1ano/2sem/VC/project_part2/task3/topview_data/train/images/91_png.rf.d78bae1b26a617eb6363e4345800eb54.jpg,91_png.rf.d78bae1b26a617eb6363e4345800eb54.jpg,15,False,0.9697180947037494,True,ok
train,/home/fsilva/Desktop/MIA/1ano/2sem/VC/project_part2/task3/yolo_data/train/images/94_png.rf.914de818a4ff0d086b7cb41abc8b95fd.jpg,/home/fsilva/Desktop/MIA/1ano/2sem/VC/project_part2/task3/topview_data/train/images/94_png.rf.914de818a4ff0d086b7cb41abc8b95fd.jpg,94_png.rf.914de818a4ff0d086b7cb41abc8b95fd.jpg,9,False,0.9801731198977238,True,ok
train,/home/fsilva/Desktop/MIA/1ano/2sem/VC/project_part2/task3/yolo_data/train/images/9a_png.rf.320750a7ef629a2e6980cea9f008f5c0.jpg,/home/fsilva/Desktop/MIA/1ano/2sem/VC/project_part2/task3/topview_data/train/images/9a_png.rf.320750a7ef629a2e6980cea9f008f5c0.jpg,9a_png.rf.320750a7ef629a2e6980cea9f008f5c0.jpg,13,False,0.9894228958475012,True,ok
train,/home/fsilva/Desktop/MIA/1ano/2sem/VC/project_part2/task3/yolo_data/train/images/9t_png.rf.9fed287c2c696d2899ea436ef7e3d20d.jpg,/home/fsilva/Desktop/MIA/1ano/2sem/VC/project_part2/task3/topview_data/train/images/9t_png.rf.9fed287c2c696d2899ea436ef7e3d20d.jpg,9t_png.rf.9fed287c2c696d2899ea436ef7e3d20d.jpg,13,False,0.9853687933658641,True,ok
valid,/home/fsilva/Desktop/MIA/1ano/2sem/VC/project_part2/task3/yolo_data/valid/images/100_png.rf.1d10e5312c53cc3fb4e0bf319dd466ba.jpg,/home/fsilva/Desktop/MIA/1ano/2sem/VC/project_part2/task3/topview_data/valid/images/100_png.rf.1d10e5312c53cc3fb4e0bf319dd466ba.jpg,100_png.rf.1d10e5312c53cc3fb4e0bf319dd466ba.jpg,11,False,0.9462870538712149,True,ok
valid,/home/fsilva/Desktop/MIA/1ano/2sem/VC/project_part2/task3/yolo_data/valid/images/12t_png.rf.80855510c9a4d8a3a88e103ed8baeeb7.jpg,/home/fsilva/Desktop/MIA/1ano/2sem/VC/project_part2/task3/topview_data/valid/images/12t_png.rf.80855510c9a4d8a3a88e103ed8baeeb7.jpg,12t_png.rf.80855510c9a4d8a3a88e103ed8baeeb7.jpg,5,False,1.0,True,ok
valid,/home/fsilva/Desktop/MIA/1ano/2sem/VC/project_part2/task3/yolo_data/valid/images/130_png.rf.21f92398160a76a64b948884e4c8103c.jpg,/home/fsilva/Desktop/MIA/1ano/2sem/VC/project_part2/task3/topview_data/valid/images/130_png.rf.21f92398160a76a64b948884e4c8103c.jpg,130_png.rf.21f92398160a76a64b948884e4c8103c.jpg,12,False,0.9797952828807828,True,ok
valid,/home/fsilva/Desktop/MIA/1ano/2sem/VC/project_part2/task3/yolo_data/valid/images/13_png.rf.6997e656c43b72e712856bc7557bedf9.jpg,/home/fsilva/Desktop/MIA/1ano/2sem/VC/project_part2/task3/topview_data/valid/images/13_png.rf.6997e656c43b72e712856bc7557bedf9.jpg,13_png.rf.6997e656c43b72e712856bc7557bedf9.jpg,10,False,0.9351145038167938,True,ok
valid,/home/fsilva/Desktop/MIA/1ano/2sem/VC/project_part2/task3/yolo_data/valid/images/143_png.rf.4ddb999b17c98b304ca30654dfd0b01c.jpg,/home/fsilva/Desktop/MIA/1ano/2sem/VC/project_part2/task3/topview_data/valid/images/143_png.rf.4ddb999b17c98b304ca30654dfd0b01c.jpg,143_png.rf.4ddb999b17c98b304ca30654dfd0b01c.jpg,15,False,0.9785183694772477,True,ok
valid,/home/fsilva/Desktop/MIA/1ano/2sem/VC/project_part2/task3/yolo_data/valid/images/155_png.rf.f3ae78698646b2d6f43fe88d2d1752f4.jpg,/home/fsilva/Desktop/MIA/1ano/2sem/VC/project_part2/task3/topview_data/valid/images/155_png.rf.f3ae78698646b2d6f43fe88d2d1752f4.jpg,155_png.rf.f3ae78698646b2d6f43fe88d2d1752f4.jpg,11,False,0.9871394682341705,True,ok
valid,/home/fsilva/Desktop/MIA/1ano/2sem/VC/project_part2/task3/yolo_data/valid/images/182_png.rf.55cbb79bf5ed24435f284153cd02ac6b.jpg,/home/fsilva/Desktop/MIA/1ano/2sem/VC/project_part2/task3/topview_data/valid/images/182_png.rf.55cbb79bf5ed24435f284153cd02ac6b.jpg,182_png.rf.55cbb79bf5ed24435f284153cd02ac6b.jpg,16,False,0.9810016828692185,True,ok
valid,/home/fsilva/Desktop/MIA/1ano/2sem/VC/project_part2/task3/yolo_data/valid/images/189_png.rf.35e0d3792b1aa85a1a2e55167fd0d8c5.jpg,/home/fsilva/Desktop/MIA/1ano/2sem/VC/project_part2/task3/topview_data/valid/images/189_png.rf.35e0d3792b1aa85a1a2e55167fd0d8c5.jpg,189_png.rf.35e0d3792b1aa85a1a2e55167fd0d8c5.jpg,3,False,0.8965593607421491,True,ok
valid,/home/fsilva/Desktop/MIA/1ano/2sem/VC/project_part2/task3/yolo_data/valid/images/28_png.rf.eae3c87c5a3a27e7321c4f3f9b902dc7.jpg,/home/fsilva/Desktop/MIA/1ano/2sem/VC/project_part2/task3/topview_data/valid/images/28_png.rf.eae3c87c5a3a27e7321c4f3f9b902dc7.jpg,28_png.rf.eae3c87c5a3a27e7321c4f3f9b902dc7.jpg,14,False,0.9845381825836349,True,ok
valid,/home/fsilva/Desktop/MIA/1ano/2sem/VC/project_part2/task3/yolo_data/valid/images/3f_png.rf.81c7e132365ef95bb19380ca389025f6.jpg,/home/fsilva/Desktop/MIA/1ano/2sem/VC/project_part2/task3/topview_data/valid/images/3f_png.rf.81c7e132365ef95bb19380ca389025f6.jpg,3f_png.rf.81c7e132365ef95bb19380ca389025f6.jpg,15,False,0.9853930918456351,True,ok
valid,/home/fsilva/Desktop/MIA/1ano/2sem/VC/project_part2/task3/yolo_data/valid/images/4a_png.rf.a6bb5c5706fd8628eb53d34a122cf441.jpg,/home/fsilva/Desktop/MIA/1ano/2sem/VC/project_part2/task3/topview_data/valid/images/4a_png.rf.a6bb5c5706fd8628eb53d34a122cf441.jpg,4a_png.rf.a6bb5c5706fd8628eb53d34a122cf441.jpg,12,False,0.9649994551596381,True,ok
valid,/home/fsilva/Desktop/MIA/1ano/2sem/VC/project_part2/task3/yolo_data/valid/images/61_png.rf.fcb03285eaaa0805f6a53443b10cd4fe.jpg,/home/fsilva/Desktop/MIA/1ano/2sem/VC/project_part2/task3/topview_data/valid/images/61_png.rf.fcb03285eaaa0805f6a53443b10cd4fe.jpg,61_png.rf.fcb03285eaaa0805f6a53443b10cd4fe.jpg,8,False,0.9146005509641874,True,ok
valid,/home/fsilva/Desktop/MIA/1ano/2sem/VC/project_part2/task3/yolo_data/valid/images/6t_png.rf.3bfa7c04f03519e61d659108c308de32.jpg,/home/fsilva/Desktop/MIA/1ano/2sem/VC/project_part2/task3/topview_data/valid/images/6t_png.rf.3bfa7c04f03519e61d659108c308de32.jpg,6t_png.rf.3bfa7c04f03519e61d659108c308de32.jpg,14,False,0.9857461847389558,True,ok
valid,/home/fsilva/Desktop/MIA/1ano/2sem/VC/project_part2/task3/yolo_data/valid/images/70_png.rf.c11964e069c3c801f450ed11cbc6a414.jpg,/home/fsilva/Desktop/MIA/1ano/2sem/VC/project_part2/task3/topview_data/valid/images/70_png.rf.c11964e069c3c801f450ed11cbc6a414.jpg,70_png.rf.c11964e069c3c801f450ed11cbc6a414.jpg,7,False,0.8350597832762676,True,ok
valid,/home/fsilva/Desktop/MIA/1ano/2sem/VC/project_part2/task3/yolo_data/valid/images/74_png.rf.d4457ce90ae63f42842e5cc1f35d9425.jpg,/home/fsilva/Desktop/MIA/1ano/2sem/VC/project_part2/task3/topview_data/valid/images/74_png.rf.d4457ce90ae63f42842e5cc1f35d9425.jpg,74_png.rf.d4457ce90ae63f42842e5cc1f35d9425.jpg,14,False,0.9851299562506459,True,ok
valid,/home/fsilva/Desktop/MIA/1ano/2sem/VC/project_part2/task3/yolo_data/valid/images/85_png.rf.92386fd10cea05180773e53215694d52.jpg,/home/fsilva/Desktop/MIA/1ano/2sem/VC/project_part2/task3/topview_data/valid/images/85_png.rf.92386fd10cea05180773e53215694d52.jpg,85_png.rf.92386fd10cea05180773e53215694d52.jpg,13,False,0.9166666666666666,True,ok
valid,/home/fsilva/Desktop/MIA/1ano/2sem/VC/project_part2/task3/yolo_data/valid/images/89_png.rf.f6d530aecfb9a6a925bb6db4a606a529.jpg,/home/fsilva/Desktop/MIA/1ano/2sem/VC/project_part2/task3/topview_data/valid/images/89_png.rf.f6d530aecfb9a6a925bb6db4a606a529.jpg,89_png.rf.f6d530aecfb9a6a925bb6db4a606a529.jpg,10,False,0.9805262036745598,True,ok
valid,/home/fsilva/Desktop/MIA/1ano/2sem/VC/project_part2/task3/yolo_data/valid/images/8t_png.rf.a49c210a8d59660de79ffdb07d55a6f6.jpg,/home/fsilva/Desktop/MIA/1ano/2sem/VC/project_part2/task3/topview_data/valid/images/8t_png.rf.a49c210a8d59660de79ffdb07d55a6f6.jpg,8t_png.rf.a49c210a8d59660de79ffdb07d55a6f6.jpg,16,False,0.9862514394807247,True,ok
valid,/home/fsilva/Desktop/MIA/1ano/2sem/VC/project_part2/task3/yolo_data/valid/images/93_png.rf.e4404052301ebc4f485e978401b476d2.jpg,/home/fsilva/Desktop/MIA/1ano/2sem/VC/project_part2/task3/topview_data/valid/images/93_png.rf.e4404052301ebc4f485e978401b476d2.jpg,93_png.rf.e4404052301ebc4f485e978401b476d2.jpg,14,False,0.9905095499951874,True,ok
test,/home/fsilva/Desktop/MIA/1ano/2sem/VC/project_part2/task3/yolo_data/test/images/105_png.rf.ea359f2dfa667da92e30a8ceeefe7e62.jpg,/home/fsilva/Desktop/MIA/1ano/2sem/VC/project_part2/task3/topview_data/test/images/105_png.rf.ea359f2dfa667da92e30a8ceeefe7e62.jpg,105_png.rf.ea359f2dfa667da92e30a8ceeefe7e62.jpg,14,False,0.9885090314373839,True,ok
test,/home/fsilva/Desktop/MIA/1ano/2sem/VC/project_part2/task3/yolo_data/test/images/106_png.rf.28ee53acf89d9e7f17b2fb26185597a0.jpg,/home/fsilva/Desktop/MIA/1ano/2sem/VC/project_part2/task3/topview_data/test/images/106_png.rf.28ee53acf89d9e7f17b2fb26185597a0.jpg,106_png.rf.28ee53acf89d9e7f17b2fb26185597a0.jpg,10,False,0.9821282019279265,True,ok
test,/home/fsilva/Desktop/MIA/1ano/2sem/VC/project_part2/task3/yolo_data/test/images/107_png.rf.f31cf99275d8de0c817398bad1fbb98c.jpg,/home/fsilva/Desktop/MIA/1ano/2sem/VC/project_part2/task3/topview_data/test/images/107_png.rf.f31cf99275d8de0c817398bad1fbb98c.jpg,107_png.rf.f31cf99275d8de0c817398bad1fbb98c.jpg,14,False,0.9827262544802867,True,ok
test,/home/fsilva/Desktop/MIA/1ano/2sem/VC/project_part2/task3/yolo_data/test/images/118_png.rf.3e82e1f3d657302b61a62c113271b753.jpg,/home/fsilva/Desktop/MIA/1ano/2sem/VC/project_part2/task3/topview_data/test/images/118_png.rf.3e82e1f3d657302b61a62c113271b753.jpg,118_png.rf.3e82e1f3d657302b61a62c113271b753.jpg,10,False,0.9826661890594117,True,ok
test,/home/fsilva/Desktop/MIA/1ano/2sem/VC/project_part2/task3/yolo_data/test/images/119_png.rf.eff91a09289a82f634d7b231b06dbbdd.jpg,/home/fsilva/Desktop/MIA/1ano/2sem/VC/project_part2/task3/topview_data/test/images/119_png.rf.eff91a09289a82f634d7b231b06dbbdd.jpg,119_png.rf.eff91a09289a82f634d7b231b06dbbdd.jpg,9,False,0.9829144680192943,True,ok
test,/home/fsilva/Desktop/MIA/1ano/2sem/VC/project_part2/task3/yolo_data/test/images/11t_png.rf.bfd0b31ac2643b2a5d526f315fbf1812.jpg,/home/fsilva/Desktop/MIA/1ano/2sem/VC/project_part2/task3/topview_data/test/images/11t_png.rf.bfd0b31ac2643b2a5d526f315fbf1812.jpg,11t_png.rf.bfd0b31ac2643b2a5d526f315fbf1812.jpg,3,False,0.9850775128786164,True,ok
test,/home/fsilva/Desktop/MIA/1ano/2sem/VC/project_part2/task3/yolo_data/test/images/121_png.rf.782a44b8496f239b5f996a6ed498e63a.jpg,/home/fsilva/Desktop/MIA/1ano/2sem/VC/project_part2/task3/topview_data/test/images/121_png.rf.782a44b8496f239b5f996a6ed498e63a.jpg,121_png.rf.782a44b8496f239b5f996a6ed498e63a.jpg,11,False,0.9832916839746397,True,ok
test,/home/fsilva/Desktop/MIA/1ano/2sem/VC/project_part2/task3/yolo_data/test/images/128_png.rf.536c0efc16ea6cf15f4f2a6f280450cf.jpg,/home/fsilva/Desktop/MIA/1ano/2sem/VC/project_part2/task3/topview_data/test/images/128_png.rf.536c0efc16ea6cf15f4f2a6f280450cf.jpg,128_png.rf.536c0efc16ea6cf15f4f2a6f280450cf.jpg,10,False,0.9860746447104506,True,ok
test,/home/fsilva/Desktop/MIA/1ano/2sem/VC/project_part2/task3/yolo_data/test/images/142_png.rf.7094e2d69746d686d71b971d474ae84d.jpg,/home/fsilva/Desktop/MIA/1ano/2sem/VC/project_part2/task3/topview_data/test/images/142_png.rf.7094e2d69746d686d71b971d474ae84d.jpg,142_png.rf.7094e2d69746d686d71b971d474ae84d.jpg,13,False,0.9852418014375561,True,ok
test,/home/fsilva/Desktop/MIA/1ano/2sem/VC/project_part2/task3/yolo_data/test/images/144_png.rf.5c3890791bfecba0869eafb73fa3a4f5.jpg,/home/fsilva/Desktop/MIA/1ano/2sem/VC/project_part2/task3/topview_data/test/images/144_png.rf.5c3890791bfecba0869eafb73fa3a4f5.jpg,144_png.rf.5c3890791bfecba0869eafb73fa3a4f5.jpg,15,False,0.979296066252588,True,ok
test,/home/fsilva/Desktop/MIA/1ano/2sem/VC/project_part2/task3/yolo_data/test/images/146_png.rf.8c716f42d6929f1b4c27cbfde0544e05.jpg,/home/fsilva/Desktop/MIA/1ano/2sem/VC/project_part2/task3/topview_data/test/images/146_png.rf.8c716f42d6929f1b4c27cbfde0544e05.jpg,146_png.rf.8c716f42d6929f1b4c27cbfde0544e05.jpg,14,False,0.9944132812510966,True,ok
test,/home/fsilva/Desktop/MIA/1ano/2sem/VC/project_part2/task3/yolo_data/test/images/149_png.rf.9aba27d537b76bf911a1f4553acc6bc1.jpg,/home/fsilva/Desktop/MIA/1ano/2sem/VC/project_part2/task3/topview_data/test/images/149_png.rf.9aba27d537b76bf911a1f4553acc6bc1.jpg,149_png.rf.9aba27d537b76bf911a1f4553acc6bc1.jpg,15,False,0.9906217903113845,True,ok
test,/home/fsilva/Desktop/MIA/1ano/2sem/VC/project_part2/task3/yolo_data/test/images/154_png.rf.9667f3add0f6a1d344745423a5d13882.jpg,/home/fsilva/Desktop/MIA/1ano/2sem/VC/project_part2/task3/topview_data/test/images/154_png.rf.9667f3add0f6a1d344745423a5d13882.jpg,154_png.rf.9667f3add0f6a1d344745423a5d13882.jpg,8,False,0.9822779266374992,True,ok
test,/home/fsilva/Desktop/MIA/1ano/2sem/VC/project_part2/task3/yolo_data/test/images/183_png.rf.e95dd6384d920b9bc1a7360580bc06d0.jpg,/home/fsilva/Desktop/MIA/1ano/2sem/VC/project_part2/task3/topview_data/test/images/183_png.rf.e95dd6384d920b9bc1a7360580bc06d0.jpg,183_png.rf.e95dd6384d920b9bc1a7360580bc06d0.jpg,15,False,0.9459565338360612,True,ok
test,/home/fsilva/Desktop/MIA/1ano/2sem/VC/project_part2/task3/yolo_data/test/images/20_png.rf.52c78aebcebbb16b65b30edf6e6dc4a5.jpg,/home/fsilva/Desktop/MIA/1ano/2sem/VC/project_part2/task3/topview_data/test/images/20_png.rf.52c78aebcebbb16b65b30edf6e6dc4a5.jpg,20_png.rf.52c78aebcebbb16b65b30edf6e6dc4a5.jpg,7,False,0.996286920418203,True,ok
test,/home/fsilva/Desktop/MIA/1ano/2sem/VC/project_part2/task3/yolo_data/test/images/23_png.rf.16eca710aad8f132510abb5de8930fc0.jpg,/home/fsilva/Desktop/MIA/1ano/2sem/VC/project_part2/task3/topview_data/test/images/23_png.rf.16eca710aad8f132510abb5de8930fc0.jpg,23_png.rf.16eca710aad8f132510abb5de8930fc0.jpg,12,False,0.9851299562506459,True,ok
test,/home/fsilva/Desktop/MIA/1ano/2sem/VC/project_part2/task3/yolo_data/test/images/24f_png.rf.ee5f961ec533993bb9907fa09380d92a.jpg,/home/fsilva/Desktop/MIA/1ano/2sem/VC/project_part2/task3/topview_data/test/images/24f_png.rf.ee5f961ec533993bb9907fa09380d92a.jpg,24f_png.rf.ee5f961ec533993bb9907fa09380d92a.jpg,10,False,0.984170737498326,True,ok
test,/home/fsilva/Desktop/MIA/1ano/2sem/VC/project_part2/task3/yolo_data/test/images/29_png.rf.6123f6b17b0b0752cc729beefa04a070.jpg,/home/fsilva/Desktop/MIA/1ano/2sem/VC/project_part2/task3/topview_data/test/images/29_png.rf.6123f6b17b0b0752cc729beefa04a070.jpg,29_png.rf.6123f6b17b0b0752cc729beefa04a070.jpg,12,False,0.9860717793716708,True,ok
test,/home/fsilva/Desktop/MIA/1ano/2sem/VC/project_part2/task3/yolo_data/test/images/2t_png.rf.cc82f8a1e04420002737935546caff16.jpg,/home/fsilva/Desktop/MIA/1ano/2sem/VC/project_part2/task3/topview_data/test/images/2t_png.rf.cc82f8a1e04420002737935546caff16.jpg,2t_png.rf.cc82f8a1e04420002737935546caff16.jpg,16,False,1.0,True,ok
test,/home/fsilva/Desktop/MIA/1ano/2sem/VC/project_part2/task3/yolo_data/test/images/38_png.rf.5f7178d32f8c80830acba72ceaa53c52.jpg,/home/fsilva/Desktop/MIA/1ano/2sem/VC/project_part2/task3/topview_data/test/images/38_png.rf.5f7178d32f8c80830acba72ceaa53c52.jpg,38_png.rf.5f7178d32f8c80830acba72ceaa53c52.jpg,8,False,0.9431216931216931,True,ok
test,/home/fsilva/Desktop/MIA/1ano/2sem/VC/project_part2/task3/yolo_data/test/images/45_png.rf.43f0ee51239a195f99b51eccc4d2a8f2.jpg,/home/fsilva/Desktop/MIA/1ano/2sem/VC/project_part2/task3/topview_data/test/images/45_png.rf.43f0ee51239a195f99b51eccc4d2a8f2.jpg,45_png.rf.43f0ee51239a195f99b51eccc4d2a8f2.jpg,15,False,0.9018264840182648,True,ok
test,/home/fsilva/Desktop/MIA/1ano/2sem/VC/project_part2/task3/yolo_data/test/images/87_png.rf.15d2533afb10c3ae6488769488ecce3f.jpg,/home/fsilva/Desktop/MIA/1ano/2sem/VC/project_part2/task3/topview_data/test/images/87_png.rf.15d2533afb10c3ae6488769488ecce3f.jpg,87_png.rf.15d2533afb10c3ae6488769488ecce3f.jpg,14,False,0.9048640819964349,True,ok
test,/home/fsilva/Desktop/MIA/1ano/2sem/VC/project_part2/task3/yolo_data/test/images/99_png.rf.980b3b82bd6f61bc422a234a44e95383.jpg,/home/fsilva/Desktop/MIA/1ano/2sem/VC/project_part2/task3/topview_data/test/images/99_png.rf.980b3b82bd6f61bc422a234a44e95383.jpg,99_png.rf.980b3b82bd6f61bc422a234a44e95383.jpg,7,False,0.9123396276354553,True,ok
